observedAt,linkId,platform,handle,canonicalUrl,audienceKind,audienceCount,audienceCountRaw,source
2026-03-10T02:28:53.048Z,substack,substack,peterryszkiewicz,https://peter.ryszkiewicz.us/,subscribers,10,10 subscribers,public-cache
2026-03-10T02:29:19.676Z,substack,substack,peterryszkiewicz,https://peter.ryszkiewicz.us/,subscribers,10,10 subscribers,public-cache
2026-03-11T07:18:51.860Z,substack,substack,peterryszkiewicz,https://peter.ryszkiewicz.us/,subscribers,10,10 subscribers,public-cache
2026-03-12T07:19:27.872Z,substack,substack,peterryszkiewicz,https://peter.ryszkiewicz.us/,subscribers,10,10 subscribers,public-cache
2026-03-14T07:15:27.521Z,substack,substack,peterryszkiewicz,https://peter.ryszkiewicz.us/,subscribers,10,10 subscribers,public-cache
2026-03-15T07:19:52.733Z,substack,substack,peterryszkiewicz,https://peter.ryszkiewicz.us/,subscribers,10,10 subscribers,public-cache
2026-03-16T07:31:33.598Z,substack,substack,peterryszkiewicz,https://peter.ryszkiewicz.us/,subscribers,10,10 subscribers,public-cache
2026-03-17T07:23:24.394Z,substack,substack,peterryszkiewicz,https://peter.ryszkiewicz.us/,subscribers,10,10 subscribers,public-cache
2026-03-18T07:23:29.618Z,substack,substack,peterryszkiewicz,https://peter.ryszkiewicz.us/,subscribers,10,10 subscribers,public-cache
2026-03-19T07:21:37.334Z,substack,substack,peterryszkiewicz,https://peter.ryszkiewicz.us/,subscribers,10,10 subscribers,public-cache
2026-03-21T07:14:23.534Z,substack,substack,peterryszkiewicz,https://peter.ryszkiewicz.us/,subscribers,10,10 subscribers,public-cache
2026-03-22T07:16:51.149Z,substack,substack,peterryszkiewicz,https://peter.ryszkiewicz.us/,subscribers,10,10 subscribers,public-cache
2026-03-23T07:29:22.232Z,substack,substack,peterryszkiewicz,https://peter.ryszkiewicz.us/,subscribers,10,10 subscribers,public-cache
2026-03-25T07:22:53.938Z,substack,substack,peterryszkiewicz,https://peter.ryszkiewicz.us/,subscribers,10,10 subscribers,public-cache
2026-03-26T07:27:50.463Z,substack,substack,peterryszkiewicz,https://peter.ryszkiewicz.us/,subscribers,10,10 subscribers,public-cache
2026-03-27T07:28:21.328Z,substack,substack,peterryszkiewicz,https://peter.ryszkiewicz.us/,subscribers,10,10 subscribers,public-cache
2026-03-28T07:20:08.080Z,substack,substack,peterryszkiewicz,https://peter.ryszkiewicz.us/,subscribers,10,10 subscribers,public-cache
2026-03-29T07:23:26.072Z,substack,substack,peterryszkiewicz,https://peter.ryszkiewicz.us/,subscribers,13,13 subscribers,public-cache
2026-03-30T07:32:26.442Z,substack,substack,peterryszkiewicz,https://peter.ryszkiewicz.us/,subscribers,13,13 subscribers,public-cache
2026-03-31T07:31:12.443Z,substack,substack,peterryszkiewicz,https://peter.ryszkiewicz.us/,subscribers,13,13 subscribers,public-cache
2026-04-01T07:32:07.892Z,substack,substack,peterryszkiewicz,https://peter.ryszkiewicz.us/,subscribers,13,13 subscribers,public-cache
2026-04-02T07:30:21.397Z,substack,substack,peterryszkiewicz,https://peter.ryszkiewicz.us/,subscribers,13,13 subscribers,public-cache
2026-04-03T07:28:05.489Z,substack,substack,peterryszkiewicz,https://peter.ryszkiewicz.us/,subscribers,13,13 subscribers,public-cache
2026-04-04T07:22:41.425Z,substack,substack,peterryszkiewicz,https://peter.ryszkiewicz.us/,subscribers,13,13 subscribers,public-cache
2026-04-05T07:25:13.929Z,substack,substack,peterryszkiewicz,https://peter.ryszkiewicz.us/,subscribers,13,13 subscribers,public-cache
2026-04-06T07:32:38.453Z,substack,substack,peterryszkiewicz,https://peter.ryszkiewicz.us/,subscribers,14,14 subscribers,public-cache
2026-05-12T12:39:57.059Z,substack,substack,peterryszkiewicz,https://peter.ryszkiewicz.us/,subscribers,15,15 subscribers,public-cache
2026-05-16T15:07:47.317Z,substack,substack,peterryszkiewicz,https://peter.ryszkiewicz.us/,subscribers,15,15 subscribers,public-cache
2026-05-16T17:29:48.785Z,substack,substack,peterryszkiewicz,https://peter.ryszkiewicz.us/,subscribers,15,15 subscribers,public-cache
2026-05-17T07:50:50.605Z,substack,substack,peterryszkiewicz,https://peter.ryszkiewicz.us/,subscribers,15,15 subscribers,public-cache
2026-05-18T08:22:14.008Z,substack,substack,peterryszkiewicz,https://peter.ryszkiewicz.us/,subscribers,15,15 subscribers,public-cache
2026-05-19T08:11:30.091Z,substack,substack,peterryszkiewicz,https://peter.ryszkiewicz.us/,subscribers,15,15 subscribers,public-cache
2026-05-20T08:11:08.772Z,substack,substack,peterryszkiewicz,https://peter.ryszkiewicz.us/,subscribers,15,15 subscribers,public-cache
2026-05-21T08:14:18.597Z,substack,substack,peterryszkiewicz,https://peter.ryszkiewicz.us/,subscribers,15,15 subscribers,public-cache
2026-05-22T08:08:54.856Z,substack,substack,peterryszkiewicz,https://peter.ryszkiewicz.us/,subscribers,15,15 subscribers,public-cache
2026-05-23T07:49:08.324Z,substack,substack,peterryszkiewicz,https://peter.ryszkiewicz.us/,subscribers,15,15 subscribers,public-cache
2026-05-24T07:56:54.305Z,substack,substack,peterryszkiewicz,https://peter.ryszkiewicz.us/,subscribers,15,15 subscribers,public-cache
2026-05-24T14:29:05.739Z,substack,substack,peterryszkiewicz,https://peter.ryszkiewicz.us/,subscribers,15,15 subscribers,public-cache
2026-05-25T08:34:55.467Z,substack,substack,peterryszkiewicz,https://peter.ryszkiewicz.us/,subscribers,15,15 subscribers,public-cache
2026-05-26T08:17:25.106Z,substack,substack,peterryszkiewicz,https://peter.ryszkiewicz.us/,subscribers,15,15 subscribers,public-cache
2026-05-27T08:23:23.981Z,substack,substack,peterryszkiewicz,https://peter.ryszkiewicz.us/,subscribers,15,15 subscribers,public-cache
2026-05-27T13:58:28.366Z,substack,substack,peterryszkiewicz,https://peter.ryszkiewicz.us/,subscribers,15,15 subscribers,public-cache
2026-05-28T08:24:52.340Z,substack,substack,peterryszkiewicz,https://peter.ryszkiewicz.us/,subscribers,15,15 subscribers,public-cache
2026-05-29T08:23:18.598Z,substack,substack,peterryszkiewicz,https://peter.ryszkiewicz.us/,subscribers,15,15 subscribers,public-cache
2026-05-30T07:59:40.912Z,substack,substack,peterryszkiewicz,https://peter.ryszkiewicz.us/,subscribers,15,15 subscribers,public-cache
2026-05-31T08:09:14.185Z,substack,substack,peterryszkiewicz,https://peter.ryszkiewicz.us/,subscribers,15,15 subscribers,public-cache
2026-06-01T08:56:07.245Z,substack,substack,peterryszkiewicz,https://peter.ryszkiewicz.us/,subscribers,15,15 subscribers,public-cache
2026-06-02T08:37:30.736Z,substack,substack,peterryszkiewicz,https://peter.ryszkiewicz.us/,subscribers,15,15 subscribers,public-cache
2026-06-03T08:44:09.610Z,substack,substack,peterryszkiewicz,https://peter.ryszkiewicz.us/,subscribers,15,15 subscribers,public-cache
2026-06-04T08:33:24.542Z,substack,substack,peterryszkiewicz,https://peter.ryszkiewicz.us/,subscribers,15,15 subscribers,public-cache
2026-06-05T08:27:11.907Z,substack,substack,peterryszkiewicz,https://peter.ryszkiewicz.us/,subscribers,15,15 subscribers,public-cache
2026-06-06T08:02:58.104Z,substack,substack,peterryszkiewicz,https://peter.ryszkiewicz.us/,subscribers,15,15 subscribers,public-cache
2026-06-07T08:17:07.577Z,substack,substack,peterryszkiewicz,https://peter.ryszkiewicz.us/,subscribers,15,15 subscribers,public-cache
2026-06-08T08:39:52.866Z,substack,substack,peterryszkiewicz,https://peter.ryszkiewicz.us/,subscribers,15,15 subscribers,public-cache
2026-06-09T08:18:43.790Z,substack,substack,peterryszkiewicz,https://peter.ryszkiewicz.us/,subscribers,15,15 subscribers,public-cache
2026-06-10T08:28:06.505Z,substack,substack,peterryszkiewicz,https://peter.ryszkiewicz.us/,subscribers,15,15 subscribers,public-cache
2026-06-11T08:43:03.961Z,substack,substack,peterryszkiewicz,https://peter.ryszkiewicz.us/,subscribers,15,15 subscribers,public-cache
2026-06-11T12:03:35.869Z,substack,substack,peterryszkiewicz,https://peter.ryszkiewicz.us/,subscribers,15,15 subscribers,public-cache
2026-06-12T08:40:54.036Z,substack,substack,peterryszkiewicz,https://peter.ryszkiewicz.us/,subscribers,15,15 subscribers,public-cache
2026-06-13T08:20:17.883Z,substack,substack,peterryszkiewicz,https://peter.ryszkiewicz.us/,subscribers,15,15 subscribers,public-cache
2026-06-13T17:11:48.751Z,substack,substack,peterryszkiewicz,https://peter.ryszkiewicz.us/,subscribers,15,15 subscribers,public-cache
2026-06-14T08:33:56.429Z,substack,substack,peterryszkiewicz,https://peter.ryszkiewicz.us/,subscribers,15,15 subscribers,public-cache
2026-06-15T09:14:44.996Z,substack,substack,peterryszkiewicz,https://peter.ryszkiewicz.us/,subscribers,15,15 subscribers,public-cache
2026-06-16T09:05:59.913Z,substack,substack,peterryszkiewicz,https://peter.ryszkiewicz.us/,subscribers,15,15 subscribers,public-cache
2026-06-17T08:54:20.073Z,substack,substack,peterryszkiewicz,https://peter.ryszkiewicz.us/,subscribers,15,15 subscribers,public-cache
2026-06-18T08:43:06.581Z,substack,substack,peterryszkiewicz,https://peter.ryszkiewicz.us/,subscribers,15,15 subscribers,public-cache
2026-06-19T08:57:03.564Z,substack,substack,peterryszkiewicz,https://peter.ryszkiewicz.us/,subscribers,15,15 subscribers,public-cache
2026-06-20T08:19:33.071Z,substack,substack,peterryszkiewicz,https://peter.ryszkiewicz.us/,subscribers,15,15 subscribers,public-cache
2026-06-21T08:41:06.641Z,substack,substack,peterryszkiewicz,https://peter.ryszkiewicz.us/,subscribers,15,15 subscribers,public-cache
2026-06-22T09:12:05.950Z,substack,substack,peterryszkiewicz,https://peter.ryszkiewicz.us/,subscribers,15,15 subscribers,public-cache
2026-06-23T08:22:11.983Z,substack,substack,peterryszkiewicz,https://peter.ryszkiewicz.us/,subscribers,15,15 subscribers,public-cache
2026-06-24T08:19:09.620Z,substack,substack,peterryszkiewicz,https://peter.ryszkiewicz.us/,subscribers,15,15 subscribers,public-cache
2026-06-25T08:18:22.048Z,substack,substack,peterryszkiewicz,https://peter.ryszkiewicz.us/,subscribers,15,15 subscribers,public-cache
2026-06-26T08:23:16.753Z,substack,substack,peterryszkiewicz,https://peter.ryszkiewicz.us/,subscribers,15,15 subscribers,public-cache
2026-06-27T08:07:51.948Z,substack,substack,peterryszkiewicz,https://peter.ryszkiewicz.us/,subscribers,15,15 subscribers,public-cache
2026-06-28T08:18:10.823Z,substack,substack,peterryszkiewicz,https://peter.ryszkiewicz.us/,subscribers,15,15 subscribers,public-cache
2026-06-29T08:48:47.940Z,substack,substack,peterryszkiewicz,https://peter.ryszkiewicz.us/,subscribers,15,15 subscribers,public-cache
2026-06-30T08:22:08.484Z,substack,substack,peterryszkiewicz,https://peter.ryszkiewicz.us/,subscribers,15,15 subscribers,public-cache
2026-07-01T08:34:37.266Z,substack,substack,peterryszkiewicz,https://peter.ryszkiewicz.us/,subscribers,15,15 subscribers,public-cache
2026-07-02T08:13:19.973Z,substack,substack,peterryszkiewicz,https://peter.ryszkiewicz.us/,subscribers,15,15 subscribers,public-cache
2026-07-03T08:12:33.652Z,substack,substack,peterryszkiewicz,https://peter.ryszkiewicz.us/,subscribers,15,15 subscribers,public-cache
2026-07-04T08:07:59.457Z,substack,substack,peterryszkiewicz,https://peter.ryszkiewicz.us/,subscribers,15,15 subscribers,public-cache
2026-07-05T08:10:57.191Z,substack,substack,peterryszkiewicz,https://peter.ryszkiewicz.us/,subscribers,15,15 subscribers,public-cache
2026-07-06T08:40:45.469Z,substack,substack,peterryszkiewicz,https://peter.ryszkiewicz.us/,subscribers,15,15 subscribers,public-cache
2026-07-07T08:16:50.441Z,substack,substack,peterryszkiewicz,https://peter.ryszkiewicz.us/,subscribers,15,15 subscribers,public-cache
2026-07-08T07:57:40.713Z,substack,substack,peterryszkiewicz,https://peter.ryszkiewicz.us/,subscribers,15,15 subscribers,public-cache
2026-07-09T08:19:40.937Z,substack,substack,peterryszkiewicz,https://peter.ryszkiewicz.us/,subscribers,15,15 subscribers,public-cache
2026-07-10T08:17:53.850Z,substack,substack,peterryszkiewicz,https://peter.ryszkiewicz.us/,subscribers,15,15 subscribers,public-cache
2026-07-11T07:43:10.886Z,substack,substack,peterryszkiewicz,https://peter.ryszkiewicz.us/,subscribers,15,15 subscribers,public-cache
2026-07-12T07:53:23.669Z,substack,substack,peterryszkiewicz,https://peter.ryszkiewicz.us/,subscribers,15,15 subscribers,public-cache
2026-07-13T08:13:39.566Z,substack,substack,peterryszkiewicz,https://peter.ryszkiewicz.us/,subscribers,15,15 subscribers,public-cache
2026-07-14T07:44:05.188Z,substack,substack,peterryszkiewicz,https://peter.ryszkiewicz.us/,subscribers,15,15 subscribers,public-cache
2026-07-15T07:46:10.936Z,substack,substack,peterryszkiewicz,https://peter.ryszkiewicz.us/,subscribers,15,15 subscribers,public-cache
2026-07-16T07:51:02.145Z,substack,substack,peterryszkiewicz,https://peter.ryszkiewicz.us/,subscribers,15,15 subscribers,public-cache
2026-07-17T07:49:24.517Z,substack,substack,peterryszkiewicz,https://peter.ryszkiewicz.us/,subscribers,15,15 subscribers,public-cache
2026-07-18T07:42:22.645Z,substack,substack,peterryszkiewicz,https://peter.ryszkiewicz.us/,subscribers,15,15 subscribers,public-cache
2026-07-19T07:52:54.682Z,substack,substack,peterryszkiewicz,https://peter.ryszkiewicz.us/,subscribers,15,15 subscribers,public-cache
2026-07-20T08:11:24.144Z,substack,substack,peterryszkiewicz,https://peter.ryszkiewicz.us/,subscribers,15,15 subscribers,public-cache
2026-07-21T07:57:49.779Z,substack,substack,peterryszkiewicz,https://peter.ryszkiewicz.us/,subscribers,15,15 subscribers,public-cache
2026-07-22T07:57:53.569Z,substack,substack,peterryszkiewicz,https://peter.ryszkiewicz.us/,subscribers,15,15 subscribers,public-cache
2026-07-23T07:58:20.464Z,substack,substack,peterryszkiewicz,https://peter.ryszkiewicz.us/,subscribers,15,15 subscribers,public-cache
2026-07-24T07:53:14.951Z,substack,substack,peterryszkiewicz,https://peter.ryszkiewicz.us/,subscribers,15,15 subscribers,public-cache
2026-07-25T07:44:15.116Z,substack,substack,peterryszkiewicz,https://peter.ryszkiewicz.us/,subscribers,15,15 subscribers,public-cache
2026-07-26T07:54:36.917Z,substack,substack,peterryszkiewicz,https://peter.ryszkiewicz.us/,subscribers,15,15 subscribers,public-cache
2026-07-27T08:15:06.013Z,substack,substack,peterryszkiewicz,https://peter.ryszkiewicz.us/,subscribers,15,15 subscribers,public-cache
2026-07-28T07:57:16.070Z,substack,substack,peterryszkiewicz,https://peter.ryszkiewicz.us/,subscribers,15,15 subscribers,public-cache
2026-07-29T08:00:10.428Z,substack,substack,peterryszkiewicz,https://peter.ryszkiewicz.us/,subscribers,15,15 subscribers,public-cache
2026-07-30T07:53:49.551Z,substack,substack,peterryszkiewicz,https://peter.ryszkiewicz.us/,subscribers,15,15 subscribers,public-cache
2026-07-31T08:05:23.535Z,substack,substack,peterryszkiewicz,https://peter.ryszkiewicz.us/,subscribers,15,15 subscribers,public-cache
2026-08-01T07:50:00.136Z,substack,substack,peterryszkiewicz,https://peter.ryszkiewicz.us/,subscribers,15,15 subscribers,public-cache
2026-08-02T07:51:26.630Z,substack,substack,peterryszkiewicz,https://peter.ryszkiewicz.us/,subscribers,15,15 subscribers,public-cache
2026-08-03T08:15:52.900Z,substack,substack,peterryszkiewicz,https://peter.ryszkiewicz.us/,subscribers,15,15 subscribers,public-cache
2026-08-04T07:57:42.312Z,substack,substack,peterryszkiewicz,https://peter.ryszkiewicz.us/,subscribers,15,15 subscribers,public-cache
2026-08-05T07:58:30.672Z,substack,substack,peterryszkiewicz,https://peter.ryszkiewicz.us/,subscribers,15,15 subscribers,public-cache
2026-08-06T09:41:07.701Z,substack,substack,peterryszkiewicz,https://peter.ryszkiewicz.us/,subscribers,15,15 subscribers,public-cache
2026-08-07T08:16:04.755Z,substack,substack,peterryszkiewicz,https://peter.ryszkiewicz.us/,subscribers,15,15 subscribers,public-cache
2026-08-08T07:47:21.237Z,substack,substack,peterryszkiewicz,https://peter.ryszkiewicz.us/,subscribers,15,15 subscribers,public-cache
2026-08-09T07:58:53.839Z,substack,substack,peterryszkiewicz,https://peter.ryszkiewicz.us/,subscribers,15,15 subscribers,public-cache
2026-08-10T08:30:07.738Z,substack,substack,peterryszkiewicz,https://peter.ryszkiewicz.us/,subscribers,15,15 subscribers,public-cache
2026-08-11T08:12:58.637Z,substack,substack,peterryszkiewicz,https://peter.ryszkiewicz.us/,subscribers,15,15 subscribers,public-cache
2026-08-12T08:17:51.091Z,substack,substack,peterryszkiewicz,https://peter.ryszkiewicz.us/,subscribers,15,15 subscribers,public-cache
2026-08-13T08:18:02.327Z,substack,substack,peterryszkiewicz,https://peter.ryszkiewicz.us/,subscribers,15,15 subscribers,public-cache
2026-08-14T08:15:55.786Z,substack,substack,peterryszkiewicz,https://peter.ryszkiewicz.us/,subscribers,15,15 subscribers,public-cache
2026-08-15T07:28:59.831Z,substack,substack,peterryszkiewicz,https://peter.ryszkiewicz.us/,subscribers,15,15 subscribers,public-cache
2026-08-16T07:29:39.167Z,substack,substack,peterryszkiewicz,https://peter.ryszkiewicz.us/,subscribers,15,15 subscribers,public-cache
2026-08-17T07:50:16.462Z,substack,substack,peterryszkiewicz,https://peter.ryszkiewicz.us/,subscribers,15,15 subscribers,public-cache
2026-08-18T07:36:20.289Z,substack,substack,peterryszkiewicz,https://peter.ryszkiewicz.us/,subscribers,15,15 subscribers,public-cache
2026-08-19T07:39:15.815Z,substack,substack,peterryszkiewicz,https://peter.ryszkiewicz.us/,subscribers,15,15 subscribers,public-cache
2026-08-20T07:41:43.996Z,substack,substack,peterryszkiewicz,https://peter.ryszkiewicz.us/,subscribers,15,15 subscribers,public-cache
2026-08-21T07:43:38.088Z,substack,substack,peterryszkiewicz,https://peter.ryszkiewicz.us/,subscribers,15,15 subscribers,public-cache
2026-08-22T07:30:00.163Z,substack,substack,peterryszkiewicz,https://peter.ryszkiewicz.us/,subscribers,15,15 subscribers,public-cache
2026-08-23T07:34:34.195Z,substack,substack,peterryszkiewicz,https://peter.ryszkiewicz.us/,subscribers,15,15 subscribers,public-cache
2026-08-24T07:59:24.920Z,substack,substack,peterryszkiewicz,https://peter.ryszkiewicz.us/,subscribers,15,15 subscribers,public-cache
2026-08-25T07:45:02.698Z,substack,substack,peterryszkiewicz,https://peter.ryszkiewicz.us/,subscribers,15,15 subscribers,public-cache
2026-08-26T07:44:37.770Z,substack,substack,peterryszkiewicz,https://peter.ryszkiewicz.us/,subscribers,15,15 subscribers,public-cache
2026-08-27T18:05:52.265Z,substack,substack,peterryszkiewicz,https://peter.ryszkiewicz.us/,subscribers,15,15 subscribers,public-cache
2026-08-28T19:15:59.502Z,substack,substack,peterryszkiewicz,https://peter.ryszkiewicz.us/,subscribers,15,15 subscribers,public-cache
2026-08-29T13:02:14.866Z,substack,substack,peterryszkiewicz,https://peter.ryszkiewicz.us/,subscribers,15,15 subscribers,public-cache
2026-08-30T12:38:16.438Z,substack,substack,peterryszkiewicz,https://peter.ryszkiewicz.us/,subscribers,15,15 subscribers,public-cache
2026-08-31T14:44:08.883Z,substack,substack,peterryszkiewicz,https://peter.ryszkiewicz.us/,subscribers,15,15 subscribers,public-cache
2026-09-01T12:21:22.613Z,substack,substack,peterryszkiewicz,https://peter.ryszkiewicz.us/,subscribers,15,15 subscribers,public-cache
2026-09-02T11:59:20.266Z,substack,substack,peterryszkiewicz,https://peter.ryszkiewicz.us/,subscribers,15,15 subscribers,public-cache
2026-09-03T11:57:17.413Z,substack,substack,peterryszkiewicz,https://peter.ryszkiewicz.us/,subscribers,15,15 subscribers,public-cache
2026-09-04T12:02:27.634Z,substack,substack,peterryszkiewicz,https://peter.ryszkiewicz.us/,subscribers,15,15 subscribers,public-cache
